{
  "backbone": "mobilenet_v2",
  "threshold": 0.5,
  "n_train": 3897,
  "n_val": 868,
  "n_test": 841,
  "best_val_macro_auc": 0.714997606764355,
  "test_macro_auc": 0.6924941533096582,
  "test_macro_f1": 0.14865794093953724,
  "test_micro_f1": 0.19640787949015065,
  "test_macro_precision": 0.09191467207465649,
  "test_macro_recall": 0.44233818980849776,
  "test_subset_accuracy": 0.10582639714625446,
  "test_per_label_accuracy": 0.7643961270596229,
  "per_class": {
    "Atelectasis": {
      "auc": 0.7049691804276691,
      "precision": 0.14385964912280702,
      "recall": 0.6029411764705882,
      "f1": 0.23229461756373937,
      "support": 68
    },
    "Cardiomegaly": {
      "auc": 0.6571863580998781,
      "precision": 0.04186046511627907,
      "recall": 0.45,
      "f1": 0.07659574468085106,
      "support": 20
    },
    "Effusion": {
      "auc": 0.7685262863534675,
      "precision": 0.20161290322580644,
      "recall": 0.78125,
      "f1": 0.32051282051282054,
      "support": 96
    },
    "Infiltration": {
      "auc": 0.630104491364269,
      "precision": 0.22685185185185186,
      "recall": 0.6666666666666666,
      "f1": 0.3385146804835924,
      "support": 147
    },
    "Mass": {
      "auc": 0.6210837703375016,
      "precision": 0.06896551724137931,
      "recall": 0.32432432432432434,
      "f1": 0.11374407582938388,
      "support": 37
    },
    "Nodule": {
      "auc": 0.5832404797797732,
      "precision": 0.059233449477351915,
      "recall": 0.4473684210526316,
      "f1": 0.10461538461538461,
      "support": 38
    },
    "Pneumonia": {
      "auc": 0.6818181818181819,
      "precision": 0.03333333333333333,
      "recall": 0.09090909090909091,
      "f1": 0.04878048780487805,
      "support": 11
    },
    "Pneumothorax": {
      "auc": 0.7575282308657466,
      "precision": 0.1411764705882353,
      "recall": 0.5454545454545454,
      "f1": 0.22429906542056074,
      "support": 44
    },
    "Consolidation": {
      "auc": 0.7413043478260869,
      "precision": 0.10880829015544041,
      "recall": 0.5833333333333334,
      "f1": 0.18340611353711792,
      "support": 36
    },
    "Edema": {
      "auc": 0.7796568627450979,
      "precision": 0.10975609756097561,
      "recall": 0.36,
      "f1": 0.16822429906542055,
      "support": 25
    },
    "Emphysema": {
      "auc": 0.8197723798199423,
      "precision": 0.09405940594059406,
      "recall": 0.6551724137931034,
      "f1": 0.1645021645021645,
      "support": 29
    },
    "Fibrosis": {
      "auc": 0.4619100706057228,
      "precision": 0.018072289156626505,
      "recall": 0.23076923076923078,
      "f1": 0.0335195530726257,
      "support": 13
    },
    "Pleural_Thickening": {
      "auc": 0.7071262071262071,
      "precision": 0.0392156862745098,
      "recall": 0.45454545454545453,
      "f1": 0.07220216606498195,
      "support": 22
    },
    "Hernia": {
      "auc": 0.7806912991656734,
      "precision": 0.0,
      "recall": 0.0,
      "f1": 0.0,
      "support": 2
    }
  }
}